RUBRIQUES BUDGETAIRES;"SALAIRE ET INDEM.
(1)";"CHARGES SOCIALES
(2)";"TRANSP. & FRAIS DE MISS.
(3)";"CARBUR. ET LUBRIF.
(4)";"MATERIEL ET FOURNIT.
(5)";"ABONN. EAU, ELEC, TELEPH.
(6)";"TRAVAUX & SCES A L'ENTREP.
(7)";"INTERVEN ET TRANSF.
(8)";TOTAUX
60   SECTION 60   DEPENSES DES SERVICES GENERAUX;;;;;;;;;
600   CHAPITRE 600   ADMINISTRATION GENERALE;;;;;;;;;
6000   ADMINISTRATION;4?848?000;334?000;2?000?000;6?250?000;5?545?000;10?000?000;500?000;1?200?000;30?677?000
60010   FONCTIONNEMENT DU CONSEIL ET DES COMMISSIONS;3?500?000;;1?000?000;;;;;;4?500?000
60011   FONCTIONNEMENT DE LA MUNICIPALITÉ;;;2?300?000;;3?000?000;;;;5?300?000
60012   FONCTIONNEMENT CABINET DU MAIRE;5?244?000;493?000;300?000;5?000?000;2?000?000;;;;13?037?000
60013   INDEMNITÉS DE FONCTION ET DE REPRÉSENTATION;9?046?000;;;;;;;;9?046?000
60015   FRAIS DE MISSIONS EN DEHORS DU TERRITOIRE NATIONALE;;;4?000?000;;;;;;4?000?000
60016   AUTRES DÉPENSES AU TITRE DES AUTORITÉS MUNICIPALES;3?000?000;475?000;;;;;;1?000?000;4?475?000
6002   ETAT CIVIL ET POPULATION;11?484?000;1?200?000;2?000?000;1?250?000;5?000?000;;3?370?000;500?000;24?804?000
6006   AUTRES DÉPENSES D'ADMINISTRATION GÉNÉRALE;48?651?000;;;;;;;;48?651?000
Sous-total chapitre 600;85?773?000;2?502?000;11?600?000;12?500?000;15?545?000;10?000?000;3?870?000;2?700?000;144?490?000
601   CHAPITRE 601   ADMINISTRATION FINANCIERE ET DOMANIALE;;;;;;;;;
6010   ADMINISTRATION;26?508?000;2?791?000;2?500?000;1?250?000;8?000?000;;5?000?000;;46?049?000
6016   AUTRES DÉPENSES RELATIVES AU DOMAINE COMMUNAL;2?000?000;;2?500?000;;8?000?000;;;;12?500?000
Sous-total chapitre 601;28?508?000;2?791?000;5?000?000;1?250?000;16?000?000;;5?000?000;;58?549?000
602   CHAPITRE 602   RECETTE MUNICIPALE(OU DE LA VILLE);;;;;;;;;
60   SECTION 60   DEPENSES DES SERVICES GENERAUX;;;;;;;;;
602   CHAPITRE 602   RECETTE MUNICIPALE(OU DE LA VILLE);;;;;;;;;
6020   ADMINISTRATION;2?568?000;170?000;2?000?000;3?000?000;7?500?000;;3?500?000;;18?738?000
6021   FRAIS DE RECOUVREMENTS ET DE POURSUITES;;;;10?000?000;;;;;10?000?000
Sous-total chapitre 602;2?568?000;170?000;2?000?000;13?000?000;7?500?000;;3?500?000;;28?738?000
603   CHAPITRE 603   POLICE ET ORDRE PUBLIC_FOURRIERE;;;;;;;;;
6031   GARDES MUNICIPAUX;12?492?000;1?324?000;300?000;;8?000?000;;;;22?116?000
Sous-total chapitre 603;12?492?000;1?324?000;300?000;;8?000?000;;;;22?116?000
Sous-total section  60;129?341?000;6?787?000;18?900?000;26?750?000;47?045?000;10?000?000;12?370?000;2?700?000;253?893?000
61   SECTION 61   DEPENSES DES SERVICES DE COLLECTIVITES;;;;;;;;;
610   CHAPITRE 610   VOIRIES ET RESEAUX;;;;;;;;;
6100   ADMINISTRATION;8?868?000;955?000;2?000?000;1?250?000;5?000?000;;2?500?000;;20?573?000
6101   VOIRIES-ROUTES-CHEMINS;;;;;;;12?000?000;;12?000?000
Sous-total chapitre 610;8?868?000;955?000;2?000?000;1?250?000;5?000?000;;14?500?000;;32?573?000
613   CHAPITRE 613   HYGIENE ET SALUBRITE PUBLIQUES_HYDRAULIQUES ADDUCTIONS D'EAU;;;;;;;;;
6131   OPÉRATIONS D'ASSAINISSEMENT;;;;;;;1?000?000;;1?000?000
6133   NETTOIEMENT DE LA VOIRIE- ENLÈVEMENT DES ORDURES;18?208?000;;;50?000?000;5?000?000;;2?000?000;;75?208?000
6136   AUTRES DÉPENSES D'HYGIÈNES ET SALUBRITÉ PUBLIQUE-HYDRAULIQUE;;;;;2?000?000;;;;2?000?000
61   SECTION 61   DEPENSES DES SERVICES DE COLLECTIVITES;;;;;;;;;
613   CHAPITRE 613   HYGIENE ET SALUBRITE PUBLIQUES_HYDRAULIQUES ADDUCTIONS D'EAU;;;;;;;;;
Sous-total chapitre 613;18?208?000;;;50?000?000;7?000?000;;3?000?000;;78?208?000
614   CHAPITRE 614   PROTECTION CIVILE_LUTTE CONTRE L'INCENDIE;;;;;;;;;
6141   PROTECTION CIVILE;;;;;1?000?000;;;;1?000?000
Sous-total chapitre 614;;;;;1?000?000;;;;1?000?000
615   CHAPITRE 615   CIMETIERES_SERVICES FUNERAIRES;;;;;;;;;
6151   CIMETIÈRES-INHUMATION-EXHUMATIONS-CREUSEMENTS DE FOSSES;;;;;352?000;;;;352?000
Sous-total chapitre 615;;;;;352?000;;;;352?000
Sous-total section  61;27?076?000;955?000;2?000?000;51?250?000;13?352?000;;17?500?000;;112?133?000
62   SECTION 62   DEPENSES DES SERVICES SOCIAUX, CULTURELS ET DE PROMOTION HUMAINE;;;;;;;;;
620   CHAPITRE 620   EDUCATION;;;;;;;;;
6206   AUTRES DÉPENSES D'ÉDUCATION;;;;;3?000?000;;7?500?000;;10?500?000
Sous-total chapitre 620;;;;;3?000?000;;7?500?000;;10?500?000
621   CHAPITRE 621   SANTE PUBLIQUE;;;;;;;;;
6214   EVACUATIONS SANITAIRES-SERVICE AMBULANCE;;;;15?250?000;;;;;15?250?000
6216   AUTRES DÉPENSES DE SANTÉ PUBLIQUE;;;;;;;;6?250?000;6?250?000
Sous-total chapitre 621;;;;15?250?000;;;;6?250?000;21?500?000
622   CHAPITRE 622   ASSISTANCE SOCIALE;;;;;;;;;
62   SECTION 62   DEPENSES DES SERVICES SOCIAUX, CULTURELS ET DE PROMOTION HUMAINE;;;;;;;;;
622   CHAPITRE 622   ASSISTANCE SOCIALE;;;;;;;;;
6223   HANDICAPÉS;;;;;2?000?000;;;;2?000?000
6224   AIDE FAMILIALE ,SOCIALE ET PERSONNES AGÉES;;;;;1?458?000;;;;1?458?000
6225   AIDE AUX INDIGENTS;;;;;2?000?000;;;;2?000?000
Sous-total chapitre 622;;;;;5?458?000;;;;5?458?000
624   CHAPITRE 624   SPORTS ET LOISIRS;;;;;;;;;
6246   AUTRES DÉPENSES AU TITRE DES SPORTS ET LOISIRS;;;;;750?000;;;250?000;1?000?000
Sous-total chapitre 624;;;;;750?000;;;250?000;1?000?000
625   CHAPITRE 625   ACTIVITES CULTURELLES;;;;;;;;;
6250   ADMINISTRATION;;;1?000?000;1?250?000;1?000?000;;;;3?250?000
6256   AUTRES DÉPENSES AU TITRE DES ACTIVITÉS CULTURELLES;;;;;1?000?000;;;;1?000?000
Sous-total chapitre 625;;;1?000?000;1?250?000;2?000?000;;;;4?250?000
626   CHAPITRE 626   AUTRES DEPENSES DES SERVICES SOCIAUX ,CULTURELS ET DE PROMOTION HUMAINE;;;;;;;;;
626   AUTRES DEPENSES DES SERVICES SOCIAUX ,CULTURELS ET DE PROMOTION HUMAINE;;;;;4?000?000;;;;4?000?000
Sous-total chapitre 626;;;;;4?000?000;;;;4?000?000
Sous-total section  62;;;1?000?000;16?500?000;15?208?000;;7?500?000;6?500?000;46?708?000
63   SECTION 63   DEPENSES DES SERVICES ECONOMIQUES;;;;;;;;;
63   SECTION 63   DEPENSES DES SERVICES ECONOMIQUES;;;;;;;;;
633   CHAPITRE 633   TRANSPORT_COMMUNICATION;;;;;;;;;
6336   AUTRES DÉPENSES DE TRANSPORT ET COMMUNICATIONS;;;;;;;750?000;250?000;1?000?000
Sous-total chapitre 633;;;;;;;750?000;250?000;1?000?000
634   CHAPITRE 634   INDUSTRIE  ET COMMERCE;;;;;;;;;
6341   ABATTOIRS-CONSERVATION ET TRANSPORTS DE VIANDE;;;;1?000?000;;;;;1?000?000
6344   MARCHÉS;;;;;1?000?000;;3?148?000;;4?148?000
Sous-total chapitre 634;;;;1?000?000;1?000?000;;3?148?000;;5?148?000
Sous-total section  63;;;;1?000?000;1?000?000;;3?898?000;250?000;6?148?000
64   SECTION 64   DEPENSES DIVERSES;;;;;;;;;
640   CHAPITRE 640   DETTE;;;;;;;;;
6406   AUTRES DETTES DE LA COMMUNE (OU DE LA VILLE );;;;;20?370?000;;;;20?370?000
Sous-total chapitre 640;;;;;20?370?000;;;;20?370?000
641   CHAPITRE 641   CONTRIBUTION, FONDS DE CONCOURS ET TRANSFERTS;;;;;;;;;
6415   CONFÉRENCES INTERCOMMUNALES -ASSOCIATION DES VILLES ET COMMUNES;;;;;;;;3?650?000;3?650?000
6416   AUTRES CONTRIBUTIONS ET TRANSFERTS;;;;;;;;2?000?000;2?000?000
Sous-total chapitre 641;;;;;;;;5?650?000;5?650?000
642   CHAPITRE 642   ASSURANCES DE LA COMMUNE ( OU DE LA VILLE );;;;;;;;;
64   SECTION 64   DEPENSES DIVERSES;;;;;;;;;
642   CHAPITRE 642   ASSURANCES DE LA COMMUNE ( OU DE LA VILLE );;;;;;;;;
6420   RESPONSABILITÉ CIVILE;;;;;;;;2?000?000;2?000?000
6422   ASSURANCES DES VÉHICULES;;;;;;;;5?000?000;5?000?000
6426   AUTRES ASSURANCES;;2?112?000;;;;;;2?000?000;4?112?000
Sous-total chapitre 642;;2?112?000;;;;;;9?000?000;11?112?000
643   CHAPITRE 643   CEREMONIES PUBLIQUES _FETES ET RECEPTIONS OFFICIELLES;;;;;;;;;
6430   CÉRÉMONIES PUBLIQUES;;;;;5?000?000;;;;5?000?000
6431   FÊTES ET RÉCEPTIONS OFFICIELLES;;;;;2?000?000;;;;2?000?000
Sous-total chapitre 643;;;;;7?000?000;;;;7?000?000
644   CHAPITRE 644   VERSEMENTS AUX FONDS DE RESERVE;;;;;;;;;
6441   FONDS D'INVESTISSEMENT;;;;;;;;55?000?000;55?000?000
Sous-total chapitre 644;;;;;;;;55?000?000;55?000?000
645   CHAPITRE 645   DEPENSES ACCIDENTELLES;;;;;;;;;
6456   AUTRES REMBOURSEMENTS DIVERS;;;;;;;;150?000;150?000
Sous-total chapitre 645;;;;;;;;150?000;150?000
Sous-total section  64;;2?112?000;;;27?370?000;;;69?800?000;99?282?000
TOTAL GENERAL DES DEPENSES AU TITRE I;156?417?000;9?854?000;21?900?000;95?500?000;103?975?000;10?000?000;41?268?000;79?250?000;518?164?000
